{"years": [1990, 1991, 1992, 1993, 1994, 1995, 1996, 1997, 1998, 1999, 2000, 2001, 2002, 2003, 2004, 2005, 2006, 2007, 2008, 2009, 2010, 2011, 2012, 2013, 2014, 2015, 2016, 2017, 2018, 2019, 2020, 2021, 2022, 2023, 2024, 2025], "values": [0.49145577254396505, null, null, 0.42407861340449987, 0.43306077218289646, 0.44813450275035194, 0.4827895463119536, 0.37019799619656535, 0.3513430817131007, 0.4249778521464593, 0.5903602553736419, 0.5168576998843325, 0.5127524322117033, 0.4907825440584558, 0.3816319060243046, 0.5916644135603581, 0.4731050226861546, 0.5049648459838483, 0.535847862936058, 0.5428696251345929, 0.45221151513357677, 0.5028250173894647, 0.5239458419400183, 0.589366998613019, 0.5269782981567603, 0.5532767419293031, 0.40713565939258195, 0.5481448757808907, 0.5361695964843851, 0.5797734039041385, 0.49830496512325984, 0.5584777777486134, 0.57331911564936, 0.5874513491089155, 0.5234675158918739, 0.5134250982018767], "cached": false, "ts": 1759726288}