{"years": [1990, 1991, 1992, 1993, 1994, 1995, 1996, 1997, 1998, 1999, 2000, 2001, 2002, 2003, 2004, 2005, 2006, 2007, 2008, 2009, 2010, 2011, 2012, 2013, 2014, 2015, 2016, 2017, 2018, 2019, 2020, 2021, 2022, 2023, 2024, 2025], "values": [0.021872816178355906, -0.009909487285524586, -0.07023659087022247, 0.0024676557111341355, 0.006482884272529526, 0.013175815162239061, 0.005164948031902153, -0.0018001821267205585, 0.02884051585342118, 0.010737952195708883, 0.02673014177695236, 0.013209789461162268, 0.0010323950614292002, 0.0034536415198398677, -0.0023733995197557857, 0.00042205716479699266, 0.011719932285454667, -0.005399159787349093, 0.007985964834336879, 0.010694939443079173, 0.010161528606979761, 0.01571500490806702, 0.009895364564803923, 0.010975868293123038, 0.007987485532393195, -0.01594198653080158, 0.00499397037019453, 0.0068349099282429306, 0.001204247622267667, 0.002811425501810676, 0.01906510068153866, 0.009727445006379223, -0.006803260113013697, -0.0007318060382847326, 6.756288264728114e-05, 0.00492098425856878], "cached": false, "ts": 1759726267}