{"years": [1990, 1991, 1992, 1993, 1994, 1995, 1996, 1997, 1998, 1999, 2000, 2001, 2002, 2003, 2004, 2005, 2006, 2007, 2008, 2009, 2010, 2011, 2012, 2013, 2014, 2015, 2016, 2017, 2018, 2019, 2020, 2021, 2022, 2023, 2024, 2025], "values": [0.21206152310890874, 0.23148185913483232, 0.21596858673585986, 0.22423092374502024, 0.2201032008224093, 0.23496768478316057, 0.21842168820447494, 0.2211722682724331, 0.22758894150283848, 0.22773963919918672, 0.20637818406547787, 0.2068937520378025, 0.21285794263091193, 0.22284999955715912, 0.23884498705596616, 0.22564718208024204, 0.23641578756108042, 0.22015758486749115, 0.22616892680127662, 0.2103472254802638, 0.220200978114167, 0.222790752193278, 0.19817393749751674, 0.2301599899023315, 0.2167706062343665, 0.2317587314838861, 0.24192978768375703, 0.23150777542065135, 0.24583610321454527, 0.22411666116639437, 0.22737473519059115, 0.22318621929434307, 0.22196752980203502, 0.23978863361602282, 0.23978463413646894, 0.225523484106796], "cached": false, "ts": 1759726279}